{"cameraMode":{"drawMode":0,"name":"Shaded","section":"Shading Mode"},"sceneLighting":false,"audioPlay":false,"sceneViewState":{"m_AlwaysRefresh":false,"showFog":true,"showSkybox":false,"showFlares":true,"showImageEffects":true,"showParticleSystems":true,"showVisualEffectGraphs":true,"m_FxEnabled":true},"in2DMode":false,"pivot":{"x":0.8986327648162842,"y":-0.23296833038330079,"z":0.10258114337921143},"rotation":{"x":0.10197744518518448,"y":0.8979941606521606,"z":-0.30639147758483889,"w":0.29888275265693667},"size":1.3709343671798707,"orthographic":false}