{"cameraMode":{"drawMode":0,"name":"Shaded","section":"Shading Mode"},"sceneLighting":false,"audioPlay":false,"sceneViewState":{"m_AlwaysRefresh":false,"showFog":true,"showSkybox":false,"showFlares":true,"showImageEffects":true,"showParticleSystems":true,"showVisualEffectGraphs":true,"m_FxEnabled":true},"in2DMode":false,"pivot":{"x":1.0426101684570313,"y":-0.048954546451568606,"z":3.597714900970459},"rotation":{"x":-0.036984365433454517,"y":-0.5379037261009216,"z":0.023477546870708467,"w":-0.8420110940933228},"size":1.9496065378189088,"orthographic":false}