{"cameraMode":{"drawMode":0,"name":"Shaded","section":"Shading Mode"},"sceneLighting":true,"audioPlay":false,"sceneViewState":{"m_AlwaysRefresh":false,"showFog":true,"showSkybox":true,"showFlares":true,"showImageEffects":true,"showParticleSystems":true,"showVisualEffectGraphs":true,"m_FxEnabled":true},"in2DMode":false,"pivot":{"x":2.1014482975006105,"y":3.200772285461426,"z":-2.6042754650115969},"rotation":{"x":-0.1987256407737732,"y":-0.15454891324043275,"z":0.032410748302936557,"w":-0.9672549366950989},"size":3.2456746101379396,"orthographic":false}