{"cameraMode":{"drawMode":0,"name":"Shaded","section":"Shading Mode"},"sceneLighting":true,"audioPlay":false,"sceneViewState":{"m_AlwaysRefresh":false,"showFog":true,"showSkybox":true,"showFlares":true,"showImageEffects":true,"showParticleSystems":true,"showVisualEffectGraphs":true,"m_FxEnabled":true},"in2DMode":false,"pivot":{"x":853.4658813476563,"y":23.858034133911134,"z":690.8305053710938},"rotation":{"x":-0.06779197603464127,"y":0.026543283835053445,"z":0.00003476550409686752,"w":-0.9975778460502625},"size":0.8660253882408142,"orthographic":false}