{"cameraMode":{"drawMode":0,"name":"Shaded","section":"Shading Mode"},"sceneLighting":true,"audioPlay":false,"sceneViewState":{"m_AlwaysRefresh":false,"showFog":true,"showSkybox":true,"showFlares":true,"showImageEffects":true,"showParticleSystems":true,"showVisualEffectGraphs":true,"m_FxEnabled":true},"in2DMode":false,"pivot":{"x":682.9171142578125,"y":18.814937591552736,"z":218.9495849609375},"rotation":{"x":0.04403959959745407,"y":0.9519148468971252,"z":-0.16468627750873567,"w":0.2545565664768219},"size":1.5253064632415772,"orthographic":false}