{"cameraMode":{"drawMode":0,"name":"Shaded","section":"Shading Mode"},"sceneLighting":true,"audioPlay":false,"sceneViewState":{"m_AlwaysRefresh":false,"showFog":true,"showSkybox":true,"showFlares":true,"showImageEffects":true,"showParticleSystems":true,"showVisualEffectGraphs":true,"m_FxEnabled":true},"in2DMode":false,"pivot":{"x":832.4689331054688,"y":15.900165557861329,"z":851.6992797851563},"rotation":{"x":-0.0012423467123880983,"y":0.9308225512504578,"z":0.002969728084281087,"w":-0.36683449149131777},"size":1.1785410642623902,"orthographic":false}