{"cameraMode":{"drawMode":0,"name":"Shaded","section":"Shading Mode"},"sceneLighting":false,"audioPlay":false,"sceneViewState":{"m_AlwaysRefresh":false,"showFog":true,"showSkybox":false,"showFlares":true,"showImageEffects":true,"showParticleSystems":true,"showVisualEffectGraphs":true,"m_FxEnabled":true},"in2DMode":false,"pivot":{"x":0.12707901000976563,"y":0.2704586982727051,"z":0.060344189405441287},"rotation":{"x":0.373729407787323,"y":-0.5546057224273682,"z":0.30637919902801516,"w":0.6775643825531006},"size":1.6194919347763062,"orthographic":false}