{"cameraMode":{"drawMode":0,"name":"Shaded","section":"Shading Mode"},"sceneLighting":true,"audioPlay":false,"sceneViewState":{"m_AlwaysRefresh":false,"showFog":true,"showSkybox":true,"showFlares":true,"showImageEffects":true,"showParticleSystems":true,"showVisualEffectGraphs":true,"m_FxEnabled":true},"in2DMode":false,"pivot":{"x":1.8560667037963868,"y":-0.5179433822631836,"z":0.0334191620349884},"rotation":{"x":-0.10418414324522019,"y":-0.7272008061408997,"z":0.11325487494468689,"w":-0.6689556837081909},"size":1.9763545989990235,"orthographic":false}